num_features,loss,accuracy
1,3.1128350496292114,0.6666666666666666
